name,column_0,column_1,column_2,column_3,column_4,column_5,column_6,column_7,column_8,column_9,column_10,column_11
n0,0,1234,2468,3702,4936,6170,7404,8638,9872,11106,12340,13574
n1,8638,9872,11106,12340,13574,14808,16042,17276,18510,19744,20978,22212
n2,17276,18510,19744,20978,22212,23446,24680,25914,27148,0,1234,2468
n3,25914,27148,0,1234,2468,3702,4936,6170,7404,8638,9872,11106
n4,6170,7404,8638,9872,11106,12340,13574,14808,16042,17276,18510,19744
n5,14808,16042,17276,18510,19744,20978,22212,23446,24680,25914,27148,0
n6,23446,24680,25914,27148,0,1234,2468,3702,4936,6170,7404,8638
n7,3702,4936,6170,7404,8638,9872,11106,12340,13574,14808,16042,17276
n8,12340,13574,14808,16042,17276,18510,19744,20978,22212,23446,24680,25914
n9,20978,22212,23446,24680,25914,27148,0,1234,2468,3702,4936,6170
n10,1234,2468,3702,4936,6170,7404,8638,9872,11106,12340,13574,14808
n11,9872,11106,12340,13574,14808,16042,17276,18510,19744,20978,22212,23446
n12,18510,19744,20978,22212,23446,24680,25914,27148,0,1234,2468,3702
n13,27148,0,1234,2468,3702,4936,6170,7404,8638,9872,11106,12340
n14,7404,8638,9872,11106,12340,13574,14808,16042,17276,18510,19744,20978
n15,16042,17276,18510,19744,20978,22212,23446,24680,25914,27148,0,1234
n16,24680,25914,27148,0,1234,2468,3702,4936,6170,7404,8638,9872
n0,4936,6170,7404,8638,9872,11106,12340,13574,14808,16042,17276,18510
n1,13574,14808,16042,17276,18510,19744,20978,22212,23446,24680,25914,27148
n2,22212,23446,24680,25914,27148,0,1234,2468,3702,4936,6170,7404
n3,2468,3702,4936,6170,7404,8638,9872,11106,12340,13574,14808,16042
n4,11106,12340,13574,14808,16042,17276,18510,19744,20978,22212,23446,24680
n5,19744,20978,22212,23446,24680,25914,27148,0,1234,2468,3702,4936
n6,0,1234,2468,3702,4936,6170,7404,8638,9872,11106,12340,13574
n7,8638,9872,11106,12340,13574,14808,16042,17276,18510,19744,20978,22212
n8,17276,18510,19744,20978,22212,23446,24680,25914,27148,0,1234,2468
n9,25914,27148,0,1234,2468,3702,4936,6170,7404,8638,9872,11106
n10,6170,7404,8638,9872,11106,12340,13574,14808,16042,17276,18510,19744
n11,14808,16042,17276,18510,19744,20978,22212,23446,24680,25914,27148,0
n12,23446,24680,25914,27148,0,1234,2468,3702,4936,6170,7404,8638
n13,3702,4936,6170,7404,8638,9872,11106,12340,13574,14808,16042,17276
n14,12340,13574,14808,16042,17276,18510,19744,20978,22212,23446,24680,25914
n15,20978,22212,23446,24680,25914,27148,0,1234,2468,3702,4936,6170
n16,1234,2468,3702,4936,6170,7404,8638,9872,11106,12340,13574,14808
n0,9872,11106,12340,13574,14808,16042,17276,18510,19744,20978,22212,23446
n1,18510,19744,20978,22212,23446,24680,25914,27148,0,1234,2468,3702
n2,27148,0,1234,2468,3702,4936,6170,7404,8638,9872,11106,12340
n3,7404,8638,9872,11106,12340,13574,14808,16042,17276,18510,19744,20978
n4,16042,17276,18510,19744,20978,22212,23446,24680,25914,27148,0,1234
n5,24680,25914,27148,0,1234,2468,3702,4936,6170,7404,8638,9872
n6,4936,6170,7404,8638,9872,11106,12340,13574,14808,16042,17276,18510
n7,13574,14808,16042,17276,18510,19744,20978,22212,23446,24680,25914,27148
n8,22212,23446,24680,25914,27148,0,1234,2468,3702,4936,6170,7404
n9,2468,3702,4936,6170,7404,8638,9872,11106,12340,13574,14808,16042
n10,11106,12340,13574,14808,16042,17276,18510,19744,20978,22212,23446,24680
n11,19744,20978,22212,23446,24680,25914,27148,0,1234,2468,3702,4936
n12,0,1234,2468,3702,4936,6170,7404,8638,9872,11106,12340,13574
n13,8638,9872,11106,12340,13574,14808,16042,17276,18510,19744,20978,22212
n14,17276,18510,19744,20978,22212,23446,24680,25914,27148,0,1234,2468
n15,25914,27148,0,1234,2468,3702,4936,6170,7404,8638,9872,11106
n16,6170,7404,8638,9872,11106,12340,13574,14808,16042,17276,18510,19744
n0,14808,16042,17276,18510,19744,20978,22212,23446,24680,25914,27148,0
n1,23446,24680,25914,27148,0,1234,2468,3702,4936,6170,7404,8638
n2,3702,4936,6170,7404,8638,9872,11106,12340,13574,14808,16042,17276
n3,12340,13574,14808,16042,17276,18510,19744,20978,22212,23446,24680,25914
n4,20978,22212,23446,24680,25914,27148,0,1234,2468,3702,4936,6170
n5,1234,2468,3702,4936,6170,7404,8638,9872,11106,12340,13574,14808
n6,9872,11106,12340,13574,14808,16042,17276,18510,19744,20978,22212,23446
n7,18510,19744,20978,22212,23446,24680,25914,27148,0,1234,2468,3702
n8,27148,0,1234,2468,3702,4936,6170,7404,8638,9872,11106,12340
n9,7404,8638,9872,11106,12340,13574,14808,16042,17276,18510,19744,20978
n10,16042,17276,18510,19744,20978,22212,23446,24680,25914,27148,0,1234
n11,24680,25914,27148,0,1234,2468,3702,4936,6170,7404,8638,9872
n12,4936,6170,7404,8638,9872,11106,12340,13574,14808,16042,17276,18510
n13,13574,14808,16042,17276,18510,19744,20978,22212,23446,24680,25914,27148
n14,22212,23446,24680,25914,27148,0,1234,2468,3702,4936,6170,7404
n15,2468,3702,4936,6170,7404,8638,9872,11106,12340,13574,14808,16042
n16,11106,12340,13574,14808,16042,17276,18510,19744,20978,22212,23446,24680
n0,19744,20978,22212,23446,24680,25914,27148,0,1234,2468,3702,4936
n1,0,1234,2468,3702,4936,6170,7404,8638,9872,11106,12340,13574
n2,8638,9872,11106,12340,13574,14808,16042,17276,18510,19744,20978,22212
n3,17276,18510,19744,20978,22212,23446,24680,25914,27148,0,1234,2468
n4,25914,27148,0,1234,2468,3702,4936,6170,7404,8638,9872,11106
n5,6170,7404,8638,9872,11106,12340,13574,14808,16042,17276,18510,19744
n6,14808,16042,17276,18510,19744,20978,22212,23446,24680,25914,27148,0
n7,23446,24680,25914,27148,0,1234,2468,3702,4936,6170,7404,8638
n8,3702,4936,6170,7404,8638,9872,11106,12340,13574,14808,16042,17276
n9,12340,13574,14808,16042,17276,18510,19744,20978,22212,23446,24680,25914
n10,20978,22212,23446,24680,25914,27148,0,1234,2468,3702,4936,6170
n11,1234,2468,3702,4936,6170,7404,8638,9872,11106,12340,13574,14808
n12,9872,11106,12340,13574,14808,16042,17276,18510,19744,20978,22212,23446
n13,18510,19744,20978,22212,23446,24680,25914,27148,0,1234,2468,3702
n14,27148,0,1234,2468,3702,4936,6170,7404,8638,9872,11106,12340
n15,7404,8638,9872,11106,12340,13574,14808,16042,17276,18510,19744,20978
n16,16042,17276,18510,19744,20978,22212,23446,24680,25914,27148,0,1234
n0,24680,25914,27148,0,1234,2468,3702,4936,6170,7404,8638,9872
n1,4936,6170,7404,8638,9872,11106,12340,13574,14808,16042,17276,18510
n2,13574,14808,16042,17276,18510,19744,20978,22212,23446,24680,25914,27148
n3,22212,23446,24680,25914,27148,0,1234,2468,3702,4936,6170,7404
n4,2468,3702,4936,6170,7404,8638,9872,11106,12340,13574,14808,16042
n5,11106,12340,13574,14808,16042,17276,18510,19744,20978,22212,23446,24680
n6,19744,20978,22212,23446,24680,25914,27148,0,1234,2468,3702,4936
n7,0,1234,2468,3702,4936,6170,7404,8638,9872,11106,12340,13574
n8,8638,9872,11106,12340,13574,14808,16042,17276,18510,19744,20978,22212
n9,17276,18510,19744,20978,22212,23446,24680,25914,27148,0,1234,2468
n10,25914,27148,0,1234,2468,3702,4936,6170,7404,8638,9872,11106
n11,6170,7404,8638,9872,11106,12340,13574,14808,16042,17276,18510,19744
n12,14808,16042,17276,18510,19744,20978,22212,23446,24680,25914,27148,0
n13,23446,24680,25914,27148,0,1234,2468,3702,4936,6170,7404,8638
n14,3702,4936,6170,7404,8638,9872,11106,12340,13574,14808,16042,17276
n15,12340,13574,14808,16042,17276,18510,19744,20978,22212,23446,24680,25914
n16,20978,22212,23446,24680,25914,27148,0,1234,2468,3702,4936,6170
n0,1234,2468,3702,4936,6170,7404,8638,9872,11106,12340,13574,14808
n1,9872,11106,12340,13574,14808,16042,17276,18510,19744,20978,22212,23446
n2,18510,19744,20978,22212,23446,24680,25914,27148,0,1234,2468,3702
n3,27148,0,1234,2468,3702,4936,6170,7404,8638,9872,11106,12340
n4,7404,8638,9872,11106,12340,13574,14808,16042,17276,18510,19744,20978
n5,16042,17276,18510,19744,20978,22212,23446,24680,25914,27148,0,1234
n6,24680,25914,27148,0,1234,2468,3702,4936,6170,7404,8638,9872
n7,4936,6170,7404,8638,9872,11106,12340,13574,14808,16042,17276,18510
n8,13574,14808,16042,17276,18510,19744,20978,22212,23446,24680,25914,27148
n9,22212,23446,24680,25914,27148,0,1234,2468,3702,4936,6170,7404
n10,2468,3702,4936,6170,7404,8638,9872,11106,12340,13574,14808,16042
n11,11106,12340,13574,14808,16042,17276,18510,19744,20978,22212,23446,24680
n12,19744,20978,22212,23446,24680,25914,27148,0,1234,2468,3702,4936
n13,0,1234,2468,3702,4936,6170,7404,8638,9872,11106,12340,13574
n14,8638,9872,11106,12340,13574,14808,16042,17276,18510,19744,20978,22212
n15,17276,18510,19744,20978,22212,23446,24680,25914,27148,0,1234,2468
n16,25914,27148,0,1234,2468,3702,4936,6170,7404,8638,9872,11106
n0,6170,7404,8638,9872,11106,12340,13574,14808,16042,17276,18510,19744
n1,14808,16042,17276,18510,19744,20978,22212,23446,24680,25914,27148,0
n2,23446,24680,25914,27148,0,1234,2468,3702,4936,6170,7404,8638
n3,3702,4936,6170,7404,8638,9872,11106,12340,13574,14808,16042,17276
n4,12340,13574,14808,16042,17276,18510,19744,20978,22212,23446,24680,25914
n5,20978,22212,23446,24680,25914,27148,0,1234,2468,3702,4936,6170
n6,1234,2468,3702,4936,6170,7404,8638,9872,11106,12340,13574,14808
n7,9872,11106,12340,13574,14808,16042,17276,18510,19744,20978,22212,23446
n8,18510,19744,20978,22212,23446,24680,25914,27148,0,1234,2468,3702
n9,27148,0,1234,2468,3702,4936,6170,7404,8638,9872,11106,12340
n10,7404,8638,9872,11106,12340,13574,14808,16042,17276,18510,19744,20978
n11,16042,17276,18510,19744,20978,22212,23446,24680,25914,27148,0,1234
n12,24680,25914,27148,0,1234,2468,3702,4936,6170,7404,8638,9872
n13,4936,6170,7404,8638,9872,11106,12340,13574,14808,16042,17276,18510
n14,13574,14808,16042,17276,18510,19744,20978,22212,23446,24680,25914,27148
n15,22212,23446,24680,25914,27148,0,1234,2468,3702,4936,6170,7404
n16,2468,3702,4936,6170,7404,8638,9872,11106,12340,13574,14808,16042
n0,11106,12340,13574,14808,16042,17276,18510,19744,20978,22212,23446,24680
n1,19744,20978,22212,23446,24680,25914,27148,0,1234,2468,3702,4936
n2,0,1234,2468,3702,4936,6170,7404,8638,9872,11106,12340,13574
n3,8638,9872,11106,12340,13574,14808,16042,17276,18510,19744,20978,22212
n4,17276,18510,19744,20978,22212,23446,24680,25914,27148,0,1234,2468
n5,25914,27148,0,1234,2468,3702,4936,6170,7404,8638,9872,11106
n6,6170,7404,8638,9872,11106,12340,13574,14808,16042,17276,18510,19744
n7,14808,16042,17276,18510,19744,20978,22212,23446,24680,25914,27148,0
n8,23446,24680,25914,27148,0,1234,2468,3702,4936,6170,7404,8638
n9,3702,4936,6170,7404,8638,9872,11106,12340,13574,14808,16042,17276
n10,12340,13574,14808,16042,17276,18510,19744,20978,22212,23446,24680,25914
n11,20978,22212,23446,24680,25914,27148,0,1234,2468,3702,4936,6170
n12,1234,2468,3702,4936,6170,7404,8638,9872,11106,12340,13574,14808
n13,9872,11106,12340,13574,14808,16042,17276,18510,19744,20978,22212,23446
n14,18510,19744,20978,22212,23446,24680,25914,27148,0,1234,2468,3702
n15,27148,0,1234,2468,3702,4936,6170,7404,8638,9872,11106,12340
n16,7404,8638,9872,11106,12340,13574,14808,16042,17276,18510,19744,20978
n0,16042,17276,18510,19744,20978,22212,23446,24680,25914,27148,0,1234
n1,24680,25914,27148,0,1234,2468,3702,4936,6170,7404,8638,9872
n2,4936,6170,7404,8638,9872,11106,12340,13574,14808,16042,17276,18510
n3,13574,14808,16042,17276,18510,19744,20978,22212,23446,24680,25914,27148
n4,22212,23446,24680,25914,27148,0,1234,2468,3702,4936,6170,7404
n5,2468,3702,4936,6170,7404,8638,9872,11106,12340,13574,14808,16042
n6,11106,12340,13574,14808,16042,17276,18510,19744,20978,22212,23446,24680
n7,19744,20978,22212,23446,24680,25914,27148,0,1234,2468,3702,4936
n8,0,1234,2468,3702,4936,6170,7404,8638,9872,11106,12340,13574
n9,8638,9872,11106,12340,13574,14808,16042,17276,18510,19744,20978,22212
n10,17276,18510,19744,20978,22212,23446,24680,25914,27148,0,1234,2468
n11,25914,27148,0,1234,2468,3702,4936,6170,7404,8638,9872,11106
n12,6170,7404,8638,9872,11106,12340,13574,14808,16042,17276,18510,19744
n13,14808,16042,17276,18510,19744,20978,22212,23446,24680,25914,27148,0
n14,23446,24680,25914,27148,0,1234,2468,3702,4936,6170,7404,8638
n15,3702,4936,6170,7404,8638,9872,11106,12340,13574,14808,16042,17276
n16,12340,13574,14808,16042,17276,18510,19744,20978,22212,23446,24680,25914
n0,20978,22212,23446,24680,25914,27148,0,1234,2468,3702,4936,6170
n1,1234,2468,3702,4936,6170,7404,8638,9872,11106,12340,13574,14808
n2,9872,11106,12340,13574,14808,16042,17276,18510,19744,20978,22212,23446
n3,18510,19744,20978,22212,23446,24680,25914,27148,0,1234,2468,3702
n4,27148,0,1234,2468,3702,4936,6170,7404,8638,9872,11106,12340
n5,7404,8638,9872,11106,12340,13574,14808,16042,17276,18510,19744,20978
n6,16042,17276,18510,19744,20978,22212,23446,24680,25914,27148,0,1234
n7,24680,25914,27148,0,1234,2468,3702,4936,6170,7404,8638,9872
n8,4936,6170,7404,8638,9872,11106,12340,13574,14808,16042,17276,18510
n9,13574,14808,16042,17276,18510,19744,20978,22212,23446,24680,25914,27148
n10,22212,23446,24680,25914,27148,0,1234,2468,3702,4936,6170,7404
n11,2468,3702,4936,6170,7404,8638,9872,11106,12340,13574,14808,16042
n12,11106,12340,13574,14808,16042,17276,18510,19744,20978,22212,23446,24680
n13,19744,20978,22212,23446,24680,25914,27148,0,1234,2468,3702,4936
n14,0,1234,2468,3702,4936,6170,7404,8638,9872,11106,12340,13574
n15,8638,9872,11106,12340,13574,14808,16042,17276,18510,19744,20978,22212
n16,17276,18510,19744,20978,22212,23446,24680,25914,27148,0,1234,2468
n0,25914,27148,0,1234,2468,3702,4936,6170,7404,8638,9872,11106
n1,6170,7404,8638,9872,11106,12340,13574,14808,16042,17276,18510,19744
n2,14808,16042,17276,18510,19744,20978,22212,23446,24680,25914,27148,0
n3,23446,24680,25914,27148,0,1234,2468,3702,4936,6170,7404,8638
n4,3702,4936,6170,7404,8638,9872,11106,12340,13574,14808,16042,17276
n5,12340,13574,14808,16042,17276,18510,19744,20978,22212,23446,24680,25914
n6,20978,22212,23446,24680,25914,27148,0,1234,2468,3702,4936,6170
n7,1234,2468,3702,4936,6170,7404,8638,9872,11106,12340,13574,14808
n8,9872,11106,12340,13574,14808,16042,17276,18510,19744,20978,22212,23446
n9,18510,19744,20978,22212,23446,24680,25914,27148,0,1234,2468,3702
n10,27148,0,1234,2468,3702,4936,6170,7404,8638,9872,11106,12340
n11,7404,8638,9872,11106,12340,13574,14808,16042,17276,18510,19744,20978
n12,16042,17276,18510,19744,20978,22212,23446,24680,25914,27148,0,1234
n13,24680,25914,27148,0,1234,2468,3702,4936,6170,7404,8638,9872
n14,4936,6170,7404,8638,9872,11106,12340,13574,14808,16042,17276,18510
n15,13574,14808,16042,17276,18510,19744,20978,22212,23446,24680,25914,27148
n16,22212,23446,24680,25914,27148,0,1234,2468,3702,4936,6170,7404
n0,2468,3702,4936,6170,7404,8638,9872,11106,12340,13574,14808,16042
n1,11106,12340,13574,14808,16042,17276,18510,19744,20978,22212,23446,24680
n2,19744,20978,22212,23446,24680,25914,27148,0,1234,2468,3702,4936
n3,0,1234,2468,3702,4936,6170,7404,8638,9872,11106,12340,13574
n4,8638,9872,11106,12340,13574,14808,16042,17276,18510,19744,20978,22212
n5,17276,18510,19744,20978,22212,23446,24680,25914,27148,0,1234,2468
n6,25914,27148,0,1234,2468,3702,4936,6170,7404,8638,9872,11106
n7,6170,7404,8638,9872,11106,12340,13574,14808,16042,17276,18510,19744
n8,14808,16042,17276,18510,19744,20978,22212,23446,24680,25914,27148,0
n9,23446,24680,25914,27148,0,1234,2468,3702,4936,6170,7404,8638
n10,3702,4936,6170,7404,8638,9872,11106,12340,13574,14808,16042,17276
n11,12340,13574,14808,16042,17276,18510,19744,20978,22212,23446,24680,25914
n12,20978,22212,23446,24680,25914,27148,0,1234,2468,3702,4936,6170
n13,1234,2468,3702,4936,6170,7404,8638,9872,11106,12340,13574,14808
n14,9872,11106,12340,13574,14808,16042,17276,18510,19744,20978,22212,23446
n15,18510,19744,20978,22212,23446,24680,25914,27148,0,1234,2468,3702
n16,27148,0,1234,2468,3702,4936,6170,7404,8638,9872,11106,12340
n0,7404,8638,9872,11106,12340,13574,14808,16042,17276,18510,19744,20978
n1,16042,17276,18510,19744,20978,22212,23446,24680,25914,27148,0,1234
n2,24680,25914,27148,0,1234,2468,3702,4936,6170,7404,8638,9872
n3,4936,6170,7404,8638,9872,11106,12340,13574,14808,16042,17276,18510
n4,13574,14808,16042,17276,18510,19744,20978,22212,23446,24680,25914,27148
n5,22212,23446,24680,25914,27148,0,1234,2468,3702,4936,6170,7404
n6,2468,3702,4936,6170,7404,8638,9872,11106,12340,13574,14808,16042
n7,11106,12340,13574,14808,16042,17276,18510,19744,20978,22212,23446,24680
n8,19744,20978,22212,23446,24680,25914,27148,0,1234,2468,3702,4936
n9,0,1234,2468,3702,4936,6170,7404,8638,9872,11106,12340,13574
n10,8638,9872,11106,12340,13574,14808,16042,17276,18510,19744,20978,22212
n11,17276,18510,19744,20978,22212,23446,24680,25914,27148,0,1234,2468
n12,25914,27148,0,1234,2468,3702,4936,6170,7404,8638,9872,11106
n13,6170,7404,8638,9872,11106,12340,13574,14808,16042,17276,18510,19744
n14,14808,16042,17276,18510,19744,20978,22212,23446,24680,25914,27148,0
n15,23446,24680,25914,27148,0,1234,2468,3702,4936,6170,7404,8638
n16,3702,4936,6170,7404,8638,9872,11106,12340,13574,14808,16042,17276
n0,12340,13574,14808,16042,17276,18510,19744,20978,22212,23446,24680,25914
n1,20978,22212,23446,24680,25914,27148,0,1234,2468,3702,4936,6170
n2,1234,2468,3702,4936,6170,7404,8638,9872,11106,12340,13574,14808
n3,9872,11106,12340,13574,14808,16042,17276,18510,19744,20978,22212,23446
n4,18510,19744,20978,22212,23446,24680,25914,27148,0,1234,2468,3702
n5,27148,0,1234,2468,3702,4936,6170,7404,8638,9872,11106,12340
n6,7404,8638,9872,11106,12340,13574,14808,16042,17276,18510,19744,20978
n7,16042,17276,18510,19744,20978,22212,23446,24680,25914,27148,0,1234
n8,24680,25914,27148,0,1234,2468,3702,4936,6170,7404,8638,9872
n9,4936,6170,7404,8638,9872,11106,12340,13574,14808,16042,17276,18510
n10,13574,14808,16042,17276,18510,19744,20978,22212,23446,24680,25914,27148
n11,22212,23446,24680,25914,27148,0,1234,2468,3702,4936,6170,7404
n12,2468,3702,4936,6170,7404,8638,9872,11106,12340,13574,14808,16042
n13,11106,12340,13574,14808,16042,17276,18510,19744,20978,22212,23446,24680
n14,19744,20978,22212,23446,24680,25914,27148,0,1234,2468,3702,4936
n15,0,1234,2468,3702,4936,6170,7404,8638,9872,11106,12340,13574
n16,8638,9872,11106,12340,13574,14808,16042,17276,18510,19744,20978,22212
n0,17276,18510,19744,20978,22212,23446,24680,25914,27148,0,1234,2468
n1,25914,27148,0,1234,2468,3702,4936,6170,7404,8638,9872,11106
n2,6170,7404,8638,9872,11106,12340,13574,14808,16042,17276,18510,19744
n3,14808,16042,17276,18510,19744,20978,22212,23446,24680,25914,27148,0
n4,23446,24680,25914,27148,0,1234,2468,3702,4936,6170,7404,8638
n5,3702,4936,6170,7404,8638,9872,11106,12340,13574,14808,16042,17276
n6,12340,13574,14808,16042,17276,18510,19744,20978,22212,23446,24680,25914
n7,20978,22212,23446,24680,25914,27148,0,1234,2468,3702,4936,6170
n8,1234,2468,3702,4936,6170,7404,8638,9872,11106,12340,13574,14808
n9,9872,11106,12340,13574,14808,16042,17276,18510,19744,20978,22212,23446
n10,18510,19744,20978,22212,23446,24680,25914,27148,0,1234,2468,3702
n11,27148,0,1234,2468,3702,4936,6170,7404,8638,9872,11106,12340
n12,7404,8638,9872,11106,12340,13574,14808,16042,17276,18510,19744,20978
n13,16042,17276,18510,19744,20978,22212,23446,24680,25914,27148,0,1234
n14,24680,25914,27148,0,1234,2468,3702,4936,6170,7404,8638,9872
n15,4936,6170,7404,8638,9872,11106,12340,13574,14808,16042,17276,18510
n16,13574,14808,16042,17276,18510,19744,20978,22212,23446,24680,25914,27148
n0,22212,23446,24680,25914,27148,0,1234,2468,3702,4936,6170,7404
n1,2468,3702,4936,6170,7404,8638,9872,11106,12340,13574,14808,16042
n2,11106,12340,13574,14808,16042,17276,18510,19744,20978,22212,23446,24680
n3,19744,20978,22212,23446,24680,25914,27148,0,1234,2468,3702,4936
n4,0,1234,2468,3702,4936,6170,7404,8638,9872,11106,12340,13574
n5,8638,9872,11106,12340,13574,14808,16042,17276,18510,19744,20978,22212
n6,17276,18510,19744,20978,22212,23446,24680,25914,27148,0,1234,2468
n7,25914,27148,0,1234,2468,3702,4936,6170,7404,8638,9872,11106
n8,6170,7404,8638,9872,11106,12340,13574,14808,16042,17276,18510,19744
n9,14808,16042,17276,18510,19744,20978,22212,23446,24680,25914,27148,0
n10,23446,24680,25914,27148,0,1234,2468,3702,4936,6170,7404,8638
n11,3702,4936,6170,7404,8638,9872,11106,12340,13574,14808,16042,17276
n12,12340,13574,14808,16042,17276,18510,19744,20978,22212,23446,24680,25914
n13,20978,22212,23446,24680,25914,27148,0,1234,2468,3702,4936,6170
n14,1234,2468,3702,4936,6170,7404,8638,9872,11106,12340,13574,14808
n15,9872,11106,12340,13574,14808,16042,17276,18510,19744,20978,22212,23446
n16,18510,19744,20978,22212,23446,24680,25914,27148,0,1234,2468,3702
n0,27148,0,1234,2468,3702,4936,6170,7404,8638,9872,11106,12340
n1,7404,8638,9872,11106,12340,13574,14808,16042,17276,18510,19744,20978
n2,16042,17276,18510,19744,20978,22212,23446,24680,25914,27148,0,1234
n3,24680,25914,27148,0,1234,2468,3702,4936,6170,7404,8638,9872
n4,4936,6170,7404,8638,9872,11106,12340,13574,14808,16042,17276,18510
n5,13574,14808,16042,17276,18510,19744,20978,22212,23446,24680,25914,27148
n6,22212,23446,24680,25914,27148,0,1234,2468,3702,4936,6170,7404
n7,2468,3702,4936,6170,7404,8638,9872,11106,12340,13574,14808,16042
n8,11106,12340,13574,14808,16042,17276,18510,19744,20978,22212,23446,24680
n9,19744,20978,22212,23446,24680,25914,27148,0,1234,2468,3702,4936
n10,0,1234,2468,3702,4936,6170,7404,8638,9872,11106,12340,13574
